anio,mes,mes_nombre,indice_ipc_base_dic2018_100
2003,1,Enero,50.42
2003,2,Febrero,50.98
2003,3,Marzo,51.51
2003,4,Abril,52.1
2003,5,Mayo,52.36
2003,6,Junio,52.33
2003,7,Julio,52.26
2003,8,Agosto,52.42
2003,9,Septiembre,52.53
2003,10,Octubre,52.56
2003,11,Noviembre,52.75
2003,12,Diciembre,53.07
2004,1,Enero,53.54
2004,2,Febrero,54.18
2004,3,Marzo,54.71
2004,4,Abril,54.96
2004,5,Mayo,55.17
2004,6,Junio,55.51
2004,7,Julio,55.49
2004,8,Agosto,55.51
2004,9,Septiembre,55.67
2004,10,Octubre,55.66
2004,11,Noviembre,55.82
2004,12,Diciembre,55.99
2005,1,Enero,56.45
2005,2,Febrero,57.02
2005,3,Marzo,57.46
2005,4,Abril,57.72
2005,5,Mayo,57.95
2005,6,Junio,58.18
2005,7,Julio,58.21
2005,8,Agosto,58.21
2005,9,Septiembre,58.46
2005,10,Octubre,58.6
2005,11,Noviembre,58.66
2005,12,Diciembre,58.7
2006,1,Enero,59.02
2006,2,Febrero,59.41
2006,3,Marzo,59.83
2006,4,Abril,60.09
2006,5,Mayo,60.29
2006,6,Junio,60.48
2006,7,Julio,60.73
2006,8,Agosto,60.96
2006,9,Septiembre,61.14
2006,10,Octubre,61.05
2006,11,Noviembre,61.19
2006,12,Diciembre,61.33
2007,1,Enero,61.8
2007,2,Febrero,62.53
2007,3,Marzo,63.29
2007,4,Abril,63.85
2007,5,Mayo,64.05
2007,6,Junio,64.12
2007,7,Julio,64.23
2007,8,Agosto,64.14
2007,9,Septiembre,64.2
2007,10,Octubre,64.2
2007,11,Noviembre,64.51
2007,12,Diciembre,64.82
2008,1,Enero,65.51
2008,2,Febrero,66.5
2008,3,Marzo,67.04
2008,4,Abril,67.51
2008,5,Mayo,68.14
2008,6,Junio,68.73
2008,7,Julio,69.06
2008,8,Agosto,69.19
2008,9,Septiembre,69.06
2008,10,Octubre,69.3
2008,11,Noviembre,69.49
2008,12,Diciembre,69.8
2009,1,Enero,70.21
2009,2,Febrero,70.8
2009,3,Marzo,71.15
2009,4,Abril,71.38
2009,5,Mayo,71.39
2009,6,Junio,71.35
2009,7,Julio,71.32
2009,8,Agosto,71.35
2009,9,Septiembre,71.28
2009,10,Octubre,71.19
2009,11,Noviembre,71.14
2009,12,Diciembre,71.2
2010,1,Enero,71.69
2010,2,Febrero,72.28
2010,3,Marzo,72.46
2010,4,Abril,72.79
2010,5,Mayo,72.87
2010,6,Junio,72.95
2010,7,Julio,72.92
2010,8,Agosto,73
2010,9,Septiembre,72.9
2010,10,Octubre,72.84
2010,11,Noviembre,72.98
2010,12,Diciembre,73.45
2011,1,Enero,74.12
2011,2,Febrero,74.57
2011,3,Marzo,74.77
2011,4,Abril,74.86
2011,5,Mayo,75.07
2011,6,Junio,75.31
2011,7,Julio,75.42
2011,8,Agosto,75.39
2011,9,Septiembre,75.62
2011,10,Octubre,75.77
2011,11,Noviembre,75.87
2011,12,Diciembre,76.19
2012,1,Enero,76.75
2012,2,Febrero,77.22
2012,3,Marzo,77.31
2012,4,Abril,77.42
2012,5,Mayo,77.66
2012,6,Junio,77.72
2012,7,Julio,77.7
2012,8,Agosto,77.73
2012,9,Septiembre,77.96
2012,10,Octubre,78.08
2012,11,Noviembre,77.98
2012,12,Diciembre,78.05
2013,1,Enero,78.28
2013,2,Febrero,78.63
2013,3,Marzo,78.79
2013,4,Abril,78.99
2013,5,Mayo,79.21
2013,6,Junio,79.39
2013,7,Julio,79.43
2013,8,Agosto,79.5
2013,9,Septiembre,79.73
2013,10,Octubre,79.52
2013,11,Noviembre,79.35
2013,12,Diciembre,79.56
2014,1,Enero,79.95
2014,2,Febrero,80.45
2014,3,Marzo,80.77
2014,4,Abril,81.14
2014,5,Mayo,81.53
2014,6,Junio,81.61
2014,7,Julio,81.73
2014,8,Agosto,81.9
2014,9,Septiembre,82.01
2014,10,Octubre,82.14
2014,11,Noviembre,82.25
2014,12,Diciembre,82.47
2015,1,Enero,83
2015,2,Febrero,83.96
2015,3,Marzo,84.45
2015,4,Abril,84.9
2015,5,Mayo,85.12
2015,6,Junio,85.21
2015,7,Julio,85.37
2015,8,Agosto,85.78
2015,9,Septiembre,86.39
2015,10,Octubre,86.98
2015,11,Noviembre,87.51
2015,12,Diciembre,88.05
2016,1,Enero,89.19
2016,2,Febrero,90.33
2016,3,Marzo,91.18
2016,4,Abril,91.63
2016,5,Mayo,92.1
2016,6,Junio,92.54
2016,7,Julio,93.02
2016,8,Agosto,92.73
2016,9,Septiembre,92.68
2016,10,Octubre,92.62
2016,11,Noviembre,92.73
2016,12,Diciembre,93.11
2017,1,Enero,94.07
2017,2,Febrero,95.01
2017,3,Marzo,95.46
2017,4,Abril,95.91
2017,5,Mayo,96.12
2017,6,Junio,96.23
2017,7,Julio,96.18
2017,8,Agosto,96.32
2017,9,Septiembre,96.36
2017,10,Octubre,96.37
2017,11,Noviembre,96.55
2017,12,Diciembre,96.92
2018,1,Enero,97.53
2018,2,Febrero,98.22
2018,3,Marzo,98.45
2018,4,Abril,98.91
2018,5,Mayo,99.16
2018,6,Junio,99.31
2018,7,Julio,99.18
2018,8,Agosto,99.3
2018,9,Septiembre,99.47
2018,10,Octubre,99.59
2018,11,Noviembre,99.7
2018,12,Diciembre,100
2019,1,Enero,100.6
2019,2,Febrero,101.18
2019,3,Marzo,101.62
2019,4,Abril,102.12
2019,5,Mayo,102.44
2019,6,Junio,102.71
2019,7,Julio,102.94
2019,8,Agosto,103.03
2019,9,Septiembre,103.26
2019,10,Octubre,103.43
2019,11,Noviembre,103.54
2019,12,Diciembre,103.8
2020,1,Enero,104.24
2020,2,Febrero,104.94
2020,3,Marzo,105.53
2020,4,Abril,105.7
2020,5,Mayo,105.36
2020,6,Junio,104.97
2020,7,Julio,104.97
2020,8,Agosto,104.96
2020,9,Septiembre,105.29
2020,10,Octubre,105.23
2020,11,Noviembre,105.08
2020,12,Diciembre,105.48
2021,1,Enero,105.91
2021,2,Febrero,106.58
2021,3,Marzo,107.12
2021,4,Abril,107.76
2021,5,Mayo,108.84
2021,6,Junio,108.78
2021,7,Julio,109.14
2021,8,Agosto,109.62
2021,9,Septiembre,110.04
2021,10,Octubre,110.06
2021,11,Noviembre,110.6
2021,12,Diciembre,111.41
2022,1,Enero,113.26
2022,2,Febrero,115.11
2022,3,Marzo,116.26
2022,4,Abril,117.71
2022,5,Mayo,118.7
2022,6,Junio,119.31
2022,7,Julio,120.27
2022,8,Agosto,121.5
2022,9,Septiembre,122.63
2022,10,Octubre,123.51
2022,11,Noviembre,124.46
2022,12,Diciembre,126.03
2023,1,Enero,128.27
2023,2,Febrero,130.4
2023,3,Marzo,131.77
2023,4,Abril,132.8
2023,5,Mayo,133.38
2023,6,Junio,133.78
2023,7,Julio,134.45
2023,8,Agosto,135.39
2023,9,Septiembre,136.11
2023,10,Octubre,136.45
2023,11,Noviembre,137.09
2023,12,Diciembre,137.72
2024,1,Enero,138.98
2024,2,Febrero,140.49
2024,3,Marzo,141.48
2024,4,Abril,142.32
2024,5,Mayo,142.92
2024,6,Junio,143.38
2024,7,Julio,143.67
2024,8,Agosto,143.67
2024,9,Septiembre,144.02
2024,10,Octubre,143.83
2024,11,Noviembre,144.22
2024,12,Diciembre,144.88
2025,1,Enero,146.24
2025,2,Febrero,147.9
2025,3,Marzo,148.68
2025,4,Abril,149.66
2025,5,Mayo,150.14
2025,6,Junio,150.3
2025,7,Julio,150.71
2025,8,Agosto,150.99
2025,9,Septiembre,151.48
2025,10,Octubre,151.76
2025,11,Noviembre,151.87
2025,12,Diciembre,152.27
2026,1,Enero,154.07
2026,2,Febrero,155.73
2026,3,Marzo,156.94
